8404,9,Aktuell,Computer,Die neuen — 264 und 364 (von der CES in Las Vegas)
8404,18,Software-Test,CP/M,Erste Erfahrungen mit dem CP/M-Modul
8404,20,Hardware-Test,Drucker,Commodore-Drucker unter 1000 Mark
8404,27,Hardware-Test,Computer,SX 64 im Test
8404,34,Hardware-Test,Expansions,Expansions über alle Grenzen hinaus
8404,38,Software,Grundlagen,Tips für sauberes Programmieren
8404,40,Software-Test,Basic-Erweiterung,Simons Basic (Teil 1)
8404,46,Spiele-Test,Action,Save New York und Survivor
8404,48,Spiele-Test,Action,Flip and Flop
8404,50,Listings zum Abtippen|Anwendung,Kalender,Elekronisches Notizbuch (VC 20)
8404,56,Listings zum Abtippen|Anwendung,Sport,Computer und Sport — Auswertung von DMM-Ereignissen
8404,65,Listings zum Abtippen|Grafik,Algorithmus,Ein schneller Drawline-Algorithmus
8404,70,Listings zum Abtippen|Grafik,Sprites,Sprites schneller bewegen
8404,74,Listings zum Abtippen|Spiel,Arcade,Invaders
8404,78,Listings zum Abtippen|Spiel,Taktik,Kämpfe wie im alten Rom — Caesar
8404,86,Listings zum Abtippen|Spiel,Simulation,Rennfahrer ohne Sturzhelm (VC 20)
8404,88,Listings zum Abtippen|Tips & Tricks,Retten,Erste Hilfe (VC 20)
8404,92,Listings zum Abtippen|Tips & Tricks,Floppy,DiskCopy
8404,94,Listings zum Abtippen|Tips & Tricks,Merge,Kleben per Software — Merge
8404,108,Listings zum Abtippen|Tips & Tricks,Tips & Tricks,Tips & Tricks für den C 64
8404,110,Kurse,Precompiler,Strubs — ein Precompiler für Basic-Programme
8404,114,Kurse,Codes,"Alle Tasten-, Zeichen- und Steuercodes (Teil 1)"
8404,119,Kurse,Grafik,Reise durch die Wunderwelt der Grafik (Teil 1)
8404,132,So machen’s andere,Amateurfunk,Funkende Computer
8404,136,So machen’s andere,Datenbank,Klein aber oho — der VC 20
8405,14,Hardware-Test,Computer,Ein Wolf im Schafspelz — der 264 (Plus/4)
8405,20,Hardware-Test,Erweiterungen,KFC-Super – ein Super-Toolkit?
8405,24,Hardware-Test,Drucker,Die farbig druckende Kreissäge GP-700A
8405,28,Hardware,Grundlagen,Der serielle Bus des VC 20 und C 64
8405,33,Software,Grundlagen,Strukturiertes Programmieren (Teil 1)
8405,40,Software,Tips,DOS 5.1 (Teil 1)
8405,42,Software-Test,Basic-Erweiterung,Simons Basic (Teil 2)
8405,46,Software-Test,Datenbank,Superbase 64
8405,52,Software-Test,Datenbank,"Daten gut im Griff (Datamat, Multidata, Datenmanager)"
8405,56,Software-Test,Datenbank,Maindat 64
8405,59,Software-Test,Datenbank,ISM 64 — professionelle Datenverwaltung
8405,60,Spiele-Test,Flipper,David’s Midnight Magic
8405,61,Spiele-Test,Flipper,Night Mission
8405,62,Spiele-Test,Action,Raingame
8405,64,Listings zum Abtippen|Anwendung,Datei,Adreß- und Telefonregister
8405,69,Listings zum Abtippen|Anwendung,Datei,Retetive Programm-Datei (VC 20)
8405,74,Listings zum Abtippen|Grafik,Hardcopy,Ein eigentlich unmögliches Programm (1526)
8405,76,Listings zum Abtippen|Spiel,Pacman,Schmatzer (VC 20)
8405,78,Listings zum Abtippen|Grafik,Joystick,3D-Grafik mit dem Joystick (VC 20)
8405,81,Listings zum Abtippen|Grafik,Auflösung,Supergrafik ohne Erweiterungsmodul
8405,82,Listings zum Abtippen|Spiel,Simulation,Fahrsimulator
8405,85,Listings zum Abtippen|Tips & Tricks,Basic,Basic-Programme stutzen (VC 20)
8405,86,Listings zum Abtippen|Tips & Tricks,Tips & Tricks,Diverse Tips & Tricks für den C 64
8405,88,Listings zum Abtippen|Tips & Tricks,Floppy,Diskettenzauberei
8405,90,Listings zum Abtippen|Spiel,Action,Schatzsucher (LdM)
8405,104,Kurse,Codes,"Alle Tasten-, Zeichen- und Steuercodes (Teil 2)"
8405,109,Kurse,Grafik,Reise durch die Wunderwelt der Grafik (Teil 2)
8405,116,Kurse,Precompiler,Strubs — ein Precompiler für Basic-Programme (Teil 2)
8405,128,So machen’s andere,Orientierung,Welche Hausnummer hat der Kölner Dom?
8405,136,So machen’s andere,Platzproblem,Wohin mit dem Heimcomputer?
8406,8,Aktuell,Messen,Die Neuigkeiten von der Hannover-Messe ’84
8406,12,Aktuell,Raubkopierer,Der Sumpf
8406,20,Hardware-Test,Computer,C 16: Der Nachfolger?
8406,24,Hardware,Schnittstellen,Kopplung zwischen zwei VC 20
8406,30,Hardware,Datasette,Rund um die Datasette
8406,34,Hardware,Schnittstellen,Centronics-Schnittstelle für Epson FX-80 (mit Kabel)
8406,37,Software,Grundlagen,Strukturiertes Programmieren (Teil 2)
8406,42,Software-Test,Basic-Erweiterung,Exbasic Level II — eine tolle Sache
8406,47,Software,Textverarbeitung,Textverarbeitungsprogramme — Marktübersicht
8406,48,Software-Test,Textverarbeitung,SM-Text 64 — die professionelle Textverarbeitung
8406,52,Software-Test,Textverarbeitung,Wordpro 3 plus — Von den Großen auf den Kleinen
8406,54,Software-Test,Textverarbeitung,Bliztext — schnell wie der Blitz?
8406,56,Spiele-Test,Arcade,AE — ein Action-Spiel
8406,57,Spiele-Test,Action,Dino Eggs
8406,60,Listings zum Abtippen|Anwendung,Textverarbeitung,Quicktext — Textverarbeitung zum Abtippen
8406,64,Listings zum Abtippen|Anwendung,Lehrer,Lehrerkalender (AdM)
8406,69,Listings zum Abtippen|Anwendung,Vokabeln,Supervoc
8406,72,Listings zum Abtippen|Anwendung,Morsen,Kurz - lang - kurz: kein Problem
8406,78,Listings zum Abtippen|Grafik,Trickfilm,Movemaster (VC 20)
8406,82,Listings zum Abtippen|Grafik,Diagramme,Grafische Darstellung statt Zahlenfriedhof (SB)
8406,98,Listings zum Abtippen|Spiel,Simulation,Hot Wheels
8406,104,Listings zum Abtippen|Spiel,Action,Ghost Manor (VC 20)
8406,107,Listings zum Abtippen|Tips & Tricks,Module,Steckmodule auf Kassette (VC 20)
8406,108,Listings zum Abtippen|Tips & Tricks,Disassembler,Logic Disassembler (VC 20)
8406,114,Listings zum Abtippen|Tips & Tricks,Synthetische,Synthetische Steuerzeichen
8406,116,Listings zum Abtippen|Tips & Tricks,Reset,Reset für den VC 20
8406,117,Listings zum Abtippen|Tips & Tricks,Autostart,Der Trick mit dem Autostart
8406,118,Listings zum Abtippen|Tips & Tricks,Tips & Tricks,Tips & Tricks für den VC 20
8406,119,Listings zum Abtippen|Tips & Tricks,FRE,Veränderungen am 64-Basic
8406,120,Listings zum Abtippen|Spiel,Geschicklichkeit,In den Untergrund mit dem VC 20 (LdM)
8406,128,Kurse,Precompiler,Strubs — ein Precompiler für Basic-Programme (Teil 3)
8406,132,Kurse,Grafik,Reise durch die Wunderwelt der Grafik (Teil 3)
8406,138,So machen’s andere,Fotografie,Der VC 20 als Fotolehrling
8407,12,Hardware-Test,Schnittstellen,Centronics-Schnittstellen: Vergleichstest
8407,18,Hardware,Expansion,Expansions — Marktübersicht
8407,20,Software-Test,DFÜ,Teleterm — Die Verbindung zum Modem
8407,22,Software,DFÜ,Electronic Mail — dieneue Form der Postbeförderung
8407,24,Listings zum Abtippen|Anwendung,DFÜ,Terminalprogramm für den C 64
8407,24,Software,DFÜ,Terminalprogramm für den C 64
8407,27,Software,DFÜ,Begriffe aus der DFÜ
8407,28,Software,DFÜ,Wie bedient man eine Mailbox?
8407,33,Software,Sprachen,Forth — die etwas andere Programmiersprache
8407,36,Software,CP/M,CP/M-Software vom Apple auf den C 64
8407,40,Software,Sprachen,Pascal — leistungsfähiger und eleganter als Basic
8407,46,Software,Basic,Debugging — Fehlersuche in Basic-Programmen
8407,52,Listings zum Abtippen|Tips & Tricks,Transfer,Adressenvergleich VC 20-C 64
8407,52,Software,Adressenvergleich,Adressenvergleich VC 20-C 64
8407,58,Software,Grundlagen,Daten im (relativen) Direktzugriff
8407,62,Software-Test,Büro,Magic Desk — Bildschirm statt Schreibtisch
8407,65,Software-Test,Programmgenerator,Basic Bär — Ein Programmgenerator
8407,66,Software-Test,Sprachen,HES 64 Forth — komfortabler als Basic
8407,68,Spiele-Test,Action,Loderunner
8407,68,Spiele-Test,Action,Zaxxon
8407,69,Spiele-Test,Simulation,Flight II — fast wie richtiges Fliegen
8407,72,Listings zum Abtippen|Anwendung,Floppy,Der Softwarekatalog für Ihre Programme
8407,76,Listings zum Abtippen|Anwendung,Lernprogramme,Russische Vokabeln (nur auf Disk)
8407,80,Listings zum Abtippen|Spiel,Spielhalle,Crown No 1 (nur auf Disk)
8407,81,Listings zum Abtippen|Spiel,Arcade,Space Invader (nur auf Disk)
8407,82,Listings zum Abtippen|Anwendung,User-Port,Blumen gießen mit dem C 64 (AdM)
8407,85,Listings zum Abtippen|Anwendung,Strubs,Das erste Strubs-Listing (VC 20)
8407,108,Listings zum Abtippen|Grafik,Hardcopy,Hardcopy mit dem VC 1520
8407,110,Listings zum Abtippen|Tips & Tricks,Schnittstellen,Komfortables Treiberprogramm für Centronics-Drucker
8407,116,Listings zum Abtippen|Grafik,Funktionen,Kurvendiskussion in Hires-Grafik mit Hardcopy
8407,122,Listings zum Abtippen|Spiel,Denkspiel,Rätsel — ein Knobelprogramm (VC 20)
8407,124,Listings zum Abtippen|Spiel,Action,Croussaider (VC 20)
8407,131,Listings zum Abtippen|Tips & Tricks,SYS,Mehr über SYS
8407,132,Listings zum Abtippen|Tips & Tricks,Floppy,Kopierprogramm für relative Files
8407,135,Listings zum Abtippen|Tips & Tricks,Grafik,Vom Bildschirm auf Kassette/Diskette
8407,136,Listings zum Abtippen|Tips & Tricks,Synthetische,Synthetische Steuerzeichen (Teil 2)
8407,138,Listings zum Abtippen|Tips & Tricks,Autostart,Autostart in Theorie und Praxis
8407,142,Listings zum Abtippen|Spiel,Action,Q-Bernd (LdM)
8407,146,Kurse,Codes,"Alle Tasten-, Zeichen- und Steuercodes (Teil 3)"
8407,154,Kurse,Precompiler,Strubs — ein Precompiler für Basic-Programme (Teil 4)
8407,162,Kurse,Grafik,Reise durch die Wunderwelt der Grafik (Teil 4)
8407,170,So machen’s andere,Medizin,Computer bringen den Kreislauf in Schwung
8407,174,Wettbewerbe,Sprites,Das schönste Sprite – Auflösung
8408,10,Aktuell,Messen,Consumer Electronics Show in Chicago
8408,20,Hardware,Drucker,MPS 801 — Ein Erfahrungsbericht
8408,22,Hardware-Test,Sprachausgabe,Sprachausgabemit dem SDP 120
8408,24,Hardware,Reparatur,Geheimnissen auf der Spur: 1541 reparieren
8408,28,Hardware,DFÜ,Akustikkoppler und Modems: Marktübersicht
8408,30,Hardware,Bauanleitung,Commodore im neuen Kleid
8408,34,Listings zum Abtippen|Tips & Tricks,Reset,Resetschalter am C64
8408,34,Hardware,Bauanleitung,Resetschalter am C 64
8408,36,Hardware-Test,EPROM,EPROM-Brenner: Vergleichstest
8408,41,Software,Sprachen,Was ist Comal?
8408,44,Software-Test,Sprachen,Pascal — leistungsfähiger und eleganter als Basic (Teil 2)
8408,44,Software,Sprachen,Pascal — leistungsfähiger und eleganter als Basic
8408,50,Software-Test,Sprachen,Sechs Pascal-Versionen im Vergleich
8408,56,Software,Grafik,Neues vom Video-Chip beim VC 20
8408,63,Software,Grundlagen,Datenkreislauf: Die sequentielle Datenspeicherung
8408,66,Listings zum Abtippen|Spiel,Abenteuer,Castle of Doom — Adventure (LdM)
8408,68,Listings zum Abtippen|Anwendung,Finanzen,Abgerechnet wird mit dem C 64 (AdM)
8408,73,Listings zum Abtippen|Anwendung,User-Port,Kopplung über den User-Port (VC 20)
8408,77,Listings zum Abtippen|Anwendung,Floppy,Drucker/Floppy ein- oder ausgeschaltet?
8408,78,Listings zum Abtippen|Anwendung,User-Port,Analoger Meßwert rein — analoger Stellwert raus
8408,80,Listings zum Abtippen|Grafik,Funktionen,Kudiplo erfüllt Schülerträume (Kurvendiskussion auf dem VC 20)
8408,83,Listings zum Abtippen|Grafik,Hardcopy,Hardcopy für den Sieger (FX-80 mit Görlitz-Interface)
8408,86,Listings zum Abtippen|Spiel,Reaktion,Escape (VC 20)
8408,89,Listings zum Abtippen|Spiel,Pacman,Pac-Boy — die Herausforderung
8408,96,Listings zum Abtippen|Tips & Tricks,Transfer,Von den Kleinen auf die Großen (C 64 - CBM)
8408,97,Listings zum Abtippen|Tips & Tricks,User-Port,User-Port-Display
8408,98,Listings zum Abtippen|Tips & Tricks,Autostart,Autostart für den VC 20
8408,99,Listings zum Abtippen|Tips & Tricks,Floppy,ViewBAM
8408,101,Listings zum Abtippen|Tips & Tricks,Basic-Erweiterung,PRINT AT und RESTORE N (VC 20)
8408,102,Listings zum Abtippen|Tips & Tricks,Transfer,Die Software-Vielfalt der CBMs fur den C 64 nutzen
8408,114,Software-Test,Grafik,Elektronische Aquarelle: Paint Magic
8408,117,Software-Test,Datenbank,ISM 64 — ohne Fleiß kein Preis
8408,136,Spiele-Test,Sport,One on One
8408,137,Spiele-Test,Abenteuer,Gruds in Space
8408,138,Spiele-Test,Taktik,Summer Games — Los Angeles läßt grüßen
8408,142,Kurse,Grafik,Reise durch die Wunderwelt der Grafik (Teil 5)
8408,151,Kurse,Codes,"Alle Tasten-, Zeichen- und Steuercodes (Teil 4)"
8408,156,So machen’s andere,Landwirtschaft,Der Computer im Kuhstall
8409,8,Aktuell,Floppy,SFD 1002
8409,14,Software,Grundlagen,Tips für den Umgang mit Sinnbildern (Flußdiagrammen)
8409,16,Software,Tips,DOS 5.1 (Teil 2)
8409,20,Software,Grundlagen,Flußdiagramme
8409,21,Software-Test,Tabellenkalkulation,Calc Result — Dreidimensionale Kalkulation
8409,24,Software-Test,Musik,Gute Noten für gute Noten: Extendend Synthesizer System
8409,27,Software,Sprachen,Markübersicht der Musikprogramme
8409,28,Software-Test,Floppy,Quickcopy — das schnelle Kopierprogramm
8409,29,Software-Test,Musik,Musicalc — oder was wirkhch im C 64 steckt
8409,34,Software-Test,Textverarbeitung,Textomat — Büroanwendung zum kleinen Preis
8409,38,Software-Test,Musik,Synthimat — Das Piano für den Aktenkoffer
8409,42,Software-Test,Musik,Music-Composer — Komponieren leicht gemacht
8409,44,Aktuell,Musik,Musikneuigkeiten aus den USA — MIDI
8409,46,Hardware,Musik,MIDI — Glanz und Elend eines Interfaces
8409,54,Software,Grundlagen,Die index-sequentielle Datei
8409,58,Software,Musik,Hard und Soft: eine kleine Marktübersicht
8409,62,Software,Musik,Klangsynthese und Synthesizertechnik
8409,67,Software,Basic,Fehlersuche in Basic-Programmen (Teil 2)
8409,68,Listings zum Abtippen|Spiel,Generator,"Spring Vogel, spring (LdM)"
8409,70,Listings zum Abtippen|Anwendung,Musik,Die Musik macht der C 64: Elektronikorgel (AdM)
8409,77,Listings zum Abtippen|Spiel,Strategie,Schiebung (VC 20)
8409,78,Listings zum Abtippen|Anwendung,Maske,Bildschirmasken schnell erstellt
8409,79,Listings zum Abtippen|Anwendung,Zeichensatz,Deutscher Zeichensatz für den VC 20
8409,87,Listings zum Abtippen|Grafik,Hardcopy,1520-Hardcopy mit dem VC 20
8409,89,Listings zum Abtippen|Grafik,Sprites,Der Super-Sprite-Editor
8409,94,Listings zum Abtippen|Grafik,Befehlserweiterung,Screen Change
8409,97,Listings zum Abtippen|Tips & Tricks,Listing,Fehlersuche leicht gemacht: LIST-STOP
8409,98,Listings zum Abtippen|Tips & Tricks,Simons,Haben Sie deh Bogen raus? (ARC bei Simons Basic)
8409,100,Listings zum Abtippen|Tips & Tricks,Schnittstellen,Die RS232-Schnittstelle am VC 20
8409,102,Listings zum Abtippen|Tips & Tricks,Maschinensprache,DATA-Wandler
8409,102,Listings zum Abtippen|Tips & Tricks,Retten,Erste Hilfe für den C 64: RENEW
8409,103,Listings zum Abtippen|Tips & Tricks,Simons,Simons Basic: Befehle die nicht im Handbuch stehen
8409,104,Listings zum Abtippen|Tips & Tricks,Synthetische,Die Suche nach den Synthetischen
8409,105,Spiele-Test,Flipper,Slamball — der ellenlange Flipper
8409,106,Spiele-Test,Grundlagen,Fantasy-Spiele
8409,109,Spiele-Test,Arcade,Schnellboot — Rettung aus der grünen Hölle
8409,112,Hardware-Test,Interface,Das macht den Kleinen größer (64-KByte-Karten) (VC 20)
8409,114,Listings zum Abtippen|Anwendung,DFÜ,Mailboxprogramm für den C 64
8409,114,Hardware,Bauanleitung,Ihr Akustikkoppler wird zum Modem: Automodem
8409,114,Software,DFÜ,Mailboxprogramm für den C 64
8409,138,Kurse,Assembler,Assembler ist keine Alchimie (Teil 1)
8409,144,Kurse,Grafik,Reise durch die Wunderwelt der Grafik (Teil 6)
8409,155,Kurse,VC 20,Der gläserne VC 20 (Teil 1)
8409,162,Listings zum Abtippen|Anwendung,EPROM,Datenbrennerei: Wie programmiere ich EPROMs?
8409,162,Software,EPROM,Datenbrennerei: Wie programmiere ich EPROMs?
8409,164,So machen’s andere,Finanzen,Geregelter Zahlungsverkehr
8410,12,Aktuell,DFÜ,Kreatives Chaos (Interview mit dem CCC)
8410,20,Hardware-Test,80-Zeichenkarten,Mehr Übersicht am Bildschirm (VC 20)
8410,22,Hardware-Test,Drucker,Adcomp X100 — farbig plotten und drucken
8410,23,Hardware-Test,Drucker,Ein Drucker für alle Fälle: Epson FX-80
8410,24,Hardware-Test,Drucker,Brother HR-5C: fast nicht zu hören
8410,25,Hardware-Test,Drucker,Ein Star der es in sich hat (delta-10)
8410,26,Hardware-Test,Drucker,Seikoshas Größter: Test GP-550A
8410,27,Hardware-Test,Drucker,Roland DXY-101 — ein Flachbettplotter im DIN-A3-Format
8410,28,Hardware-Test,Drucker,Olympia electronic compact 2: Schreibmaschine für den C64
8410,29,Hardware,Drucker,Marktübersicht: Drucker (Teil 1)
8410,34,Spiele-Test,Abenteuer,Lösung von The Blade of Blackpool
8410,37,Spiele-Test,Abenteuer,House of Usher
8410,37,Spiele-Test,Arcade,Fire Galaxy (VC 20)
8410,43,Software-Test,Textverarbeitung,Vizawrite 64 — Der C 64 wird zum PC
8410,46,Software-Test,Finanzen,Lohnsteuerjahresausgleich leicht gemacht
8410,48,Software-Test,Floppy,Ex-DOS und Disk Doctor
8410,50,Software-Test,Sprachen,Forth ohne Floppy (C 64 und VC 20)
8410,59,Aktuell,DFÜ,Datex-P und ausländische Netzwerke
8410,59,Software,DFÜ,Datex-P und ausländische Netzwerke
8410,67,Listings zum Abtippen|Anwendung,Floppy,Hypra-Load: Schnelles Laden von Diskette (LdM)
8410,68,Listings zum Abtippen|Anwendung,Finanzen,Menügesteuerte Finanzmathematik (AdM)
8410,80,Listings zum Abtippen|Anwendung,Video,Video-Vorspann mit dem VC 20
8410,82,Listings zum Abtippen|Grafik,Hardcopy,Hardcopy MPS 801/VC 1515
8410,83,Listings zum Abtippen|Grafik,Hardcopy,Der VC 1525/MPS 802 als Grafikdrucker
8410,84,Listings zum Abtippen|Grafik,Hardcopy,Die mehrfarbige Hardcopy mit dem 1520-Plotter
8410,85,Listings zum Abtippen|Grafik,Hardcopy,Hardcopy Gemini-10X
8410,86,Listings zum Abtippen|Grafik,Schnittstellen,Olympia compact 2: ein Centronics-Interface
8410,88,Listings zum Abtippen|Grafik,Hardcopy,Hardcopy Epson FK80
8410,89,Listings zum Abtippen|Tips & Tricks,Tips & Tricks,Diverse
8410,90,Listings zum Abtippen|Tips & Tricks,Listing,Der große Überblick: formatiertes Listing
8410,91,Listings zum Abtippen|Tips & Tricks,Funktionen,Kudiplo auf für den C 64 (Kurvendiskussion)
8410,91,Listings zum Abtippen|Tips & Tricks,POKEs,POKE mal wieder: diverse POKEs
8410,93,Listings zum Abtippen|Tips & Tricks,Tastatur,User-Port-Tastatur (Zehnertastatur)
8410,93,Listings zum Abtippen|Tips & Tricks,User-Port,User-Port-Tastatur (Zehnertastatur)
8410,95,Listings zum Abtippen|Tips & Tricks,Floppy,Diskette intem (Disk-Dump)
8410,97,Listings zum Abtippen|Tips & Tricks,Floppy,Disketten-Organisation (VC 20)
8410,100,Listings zum Abtippen|Tips & Tricks,Listing,Programmiertes LISTing: LIST X-Y
8410,102,Listings zum Abtippen|Tips & Tricks,Floppy,Kopieren mit Komfort: Super Copy
8410,106,Listings zum Abtippen|Spiel,Action,Apocalypse now
8410,112,Listings zum Abtippen|Spiel,Taktik,Epedemic (VC 20)
8410,146,Kurse,Grafik,Reise durch die Wunderwelt der Grafik (Teil 7)
8410,150,Kurse,Assembler,Assembler ist keine Alchimie (Teil 2)
8410,153,Kurse,Floppy,In die Geheimnisse der Floppy eingetaucht (Teil 1)
8410,157,Kurse,VC 20,Der gläserne VC 20 (Teil 2)
8410,166,So machen’s andere,Lichttelefon,Mit vier Baud über den Balkon
8410,172,Wettbewerbe,Unterprogramm,Sieger mit Maske — Maskenerstellungsprogramm
8411,8,Aktuell,DFÜ,Informationen zur Datenfernübertragung
8411,10,Aktuell,Messen,Commodore Fachaustellung in Frankfurt
8411,14,Hardware-Test,Floppy,MSD-Super-Disk-Drive
8411,16,Hardware-Test,Monitore,"Monitor kontra Fernseher (Taxan, 1701, Zenith, Sharp, Panasonic)"
8411,19,Hardware,Monitor,Marktübersicht: Schwarzweiß- und Farbmonitore
8411,21,Hardware,Drucker,Marktübersicht: Drucker (Teil 2)
8411,22,Hardware-Test,Drucker,Ein starkes Stück (Itoh 8510)
8411,24,Hardware-Test,Drucker,"Der Petal MA20 — kleiner Name, großer Drucker"
8411,26,Hardware-Test,Drucker,Drucksympathie (BMC BX100)
8411,30,Software-Test,Grafik,Wie Super ist die Supergrafik? (Supergrafik 64)
8411,32,Software-Test,Tabellenkalkulation,"Multiplan: Viel zu schade, um nur damit zu kalkulieren"
8411,34,Hardware-Test,Grafik,Grafiktabletts: KoalaPad und SuperSketch
8411,34,Software-Test,Grafik,Grafiktabletts: KoalaPad und SuperSketch
8411,37,Software-Test,Grafik,Grafik hoch zwei — das Extended Graphic System
8411,38,Software-Test,Tabellenkalkulation,VizaStar — Ein Stern wird geboren
8411,42,Spiele-Test,Abenteuer,Exodus – Ultima III
8411,43,Spiele-Test,Abenteuer,Abenteuer selbst gemacht — Adventure Creator
8411,44,Kurse,Comal,Comal — Eine Einführung (Teil 1)
8411,48,Listings zum Abtippen|Grafik,Turtle-Grafik,Turtle-Grafik — Die schnelle Schildkröte (LdM)
8411,50,Listings zum Abtippen|Anwendung,Schach,Schachmeister (AdM)
8411,60,Listings zum Abtippen|Anwendung,Monitor,Ohne gutes Werkzeug geht es nicht: SMON (Teil 1)
8411,66,Listings zum Abtippen|Grafik,KoalaPad,Get Koala Pic
8411,68,Listings zum Abtippen|Grafik,Trickfilm,Der VC 20 als Laterna Magica
8411,70,Listings zum Abtippen|Grafik,Funktionen,Grafik leicht gemacht
8411,73,Listings zum Abtippen|Grafik,Auflösung,Supergrafik II (VC 20)
8411,74,Listings zum Abtippen|Grafik,Sprites,Sprites ohne Esoterik
8411,76,Listings zum Abtippen|Grafik,Sprites,Pseudo-Sprites auf dem VC 20
8411,80,Listings zum Abtippen|Tips & Tricks,Simons,Befehlserweiterung für Simons Basic
8411,81,Listings zum Abtippen|Tips & Tricks,Hex-Data,Hex-DATA-Automat
8411,82,Listings zum Abtippen|Tips & Tricks,Generator,Dem Springvogel auf die Sprünge geholfen
8411,83,Listings zum Abtippen|Tips & Tricks,Joystick,Joystick-Abfrage in Theorie und Praxis
8411,84,Listings zum Abtippen|Tips & Tricks,Interrupt,Unterbrechen Sie mich bitte!
8411,88,Listings zum Abtippen|Tips & Tricks,Erweiterung,Betriebssystem-Erweiterung für den VC 20
8411,92,Listings zum Abtippen|Tips & Tricks,Absturz,Die Ebenen des Absturzes
8411,117,Kurse,Floppy,In die Geheimnisse der Floppy eingetaucht (Teil 2)
8411,121,Kurse,Assembler,Assembler ist keine Alchimie (Teil 3)
8411,126,Kurse,VC 20,Der gläserne VC 20 (Teil 3)
8411,133,Kurse,Speicher,Memory Map mit Wandervorschlägen (Teil 1)
8411,144,So machen’s andere,Fotografie,Mode-Fotos mit Bits und Bytes
8411,154,Wettbewerbe,Unterprogramm,Exsort — Sortieren mit Komfort
8411,158,Wettbewerbe,Einzeiler,Die Top 10 (Einzeiler)
8412,10,Aktuell,DFÜ,Interessant bis brisant — die elektronischen Briefkästen
8412,20,Hardware-Test,Monitore,"Die Scharfmacher (Cable, Taxan, BMC)"
8412,24,Hardware-Test,Schnittstellen,Print 64 — das universelle Interface (Centronics)
8412,26,Hardware-Test,Floppy,"Floppy mit Nachbrenner (Speeddos, Turboaccess, Computing)"
8412,30,Hardware,EPROM,"Nichts ist ewig (ROM-Change, verbessertes Betriebssytem)"
8412,34,Hardware-Test,Joystick,Joystick-Vielfalt (20 Joysticks im Test)
8412,38,Software-Test,Grafik,Graphics-Basic (HES)
8412,39,Software-Test,Sprachen,Oxford-Pascal für den Commodore
8412,40,Software-Test,Sprachen,Die Turbo-Pascal-Story
8412,42,Software-Test,Lernprogramme,Was bringt die Lern-Software?
8412,43,Software-Test,Lernprogramme,Melodienschreiber und Musik-Synhthesizer
8412,43,Software-Test,Musik,Melodienschreiber und Musik-Synthesizer
8412,44,Software,Grundlagen,So macht man Basic-Programme schneller (Teil 2)
8412,46,Spiele-Test,Sport,Spiel des Jahres: International Soccer
8412,48,Spiele-Test,Action,"QX 9, Catastrophes"
8412,49,Spiele-Test,Action,Wizard
8412,50,Listings zum Abtippen|Anwendung,Mathematik,Mathematical-Basic: Das Super-Basic für den VC 20 (LdM)
8412,51,Listings zum Abtippen|Anwendung,Musik,"Musik, Musik, Musik: Synthesizer (AdM)"
8412,61,Listings zum Abtippen|Anwendung,Monitor,Ohne gutes Werkzeug geht es nicht: SMON (Teil 2)
8412,66,Listings zum Abtippen|Grafik,Grafik,Bewegte Grafik und Text mischen
8412,69,Listings zum Abtippen|Grafik,Axiometrie,Von allen Seiten betrachtet (SB)
8412,76,Listings zum Abtippen|Tips & Tricks,Trace,Trace und Single Step für Maschinenprogramme
8412,80,Listings zum Abtippen|Tips & Tricks,Datasette,Fast Tape — die schnelle Kassette (VC 20)
8412,80,Listings zum Abtippen|Tips & Tricks,Maschinensprache,Maschinenprogramme auf Tastendruck
8412,81,Listings zum Abtippen|Spiel,Denkspiel,Mastermind als Vierzeiler
8412,82,Listings zum Abtippen|Tips & Tricks,Direktmodus,Programmierter Direktmodus
8412,84,Listings zum Abtippen|Tips & Tricks,Auto,Automatische Zeilennumerierung
8412,84,Listings zum Abtippen|Tips & Tricks,Datasette,Musik aus der Datasette
8412,85,Listings zum Abtippen|Tips & Tricks,Listschutz,List- und Löschschutz leicht gemacht
8412,86,Listings zum Abtippen|Tips & Tricks,Basic-Erweiterung,Stringy: C 64-Erweiterung
8412,92,Listings zum Abtippen|Tips & Tricks,Floppy,"Auf das ""!"" kommt es an"
8412,96,Listings zum Abtippen|Spiel,Denkspiel,3D-Vier gewinnt — Spielen in der dritten Dimension
8412,131,Kurse,Musik,Dem Klang auf der Spur (Teil 1)
8412,132,Kurse,Speicher,Memory Map mit Wandervorschlägen (Teil 2)
8412,134,Kurse,Assembler,Assembler ist keine Alchimie (Teil 4)
8412,139,Kurse,Floppy,In die Geheimnisse der Floppy eingetaucht (Teil 3)
8412,145,Kurse,Comal,Comal — Eine Einführung (Teil 2)
8412,151,Wettbewerbe,Kreuzworträtsel,Kreuzworträtsel selber machen
8501,6,Hardware-Test,Computer,Generationswechsel — Test C 16
8501,23,Hardware-Test,Schnittstellen,Hardware-Interface ganz weich: EC-64
8501,24,Hardware-Test,Interface,Digitalisierte Bilder mit dem C 64
8501,26,Hardware-Test,Interface,Speichertuning für VC 20: MR 64
8501,28,Software-Test,Basic-Erweiterung,GBasic
8501,32,Software-Test,Assembler,Assembler? Assembler!
8501,34,Software-Test,Assembler,"Assembler im Test (AS-64, MAE, T.EXAS., ASSI/M)"
8501,40,Software-Test,Lernprogramme,SoftLearning — die weiche Welle des Lernens
8501,43,Software,Sprachen,Basic ist out — Es lebe Forth
8501,47,Spiele-Test,Abenteuer,The Quest
8501,48,Spiele-Test,Action,Tom + Zaga
8501,50,Listings zum Abtippen|Grafik,Zeichnen,HI-EDDI: Ein fantastisches Zeichen und Malprogmmm (LDM)
8501,52,Listings zum Abtippen|Anwendung,Sport,Der C 64 als Handballtrainer (AdM)
8501,69,Listings zum Abtippen|Anwendung,Monitor,Ohne gutes Werkzeug geht es nicht: SMON (Teil 3)
8501,72,Listings zum Abtippen|Anwendung,Abtippen,Checksummer (C 64 und VC 20)
8501,76,Listings zum Abtippen|Grafik,Sprites,Vier Pseudo-VICs mit 32 Sprites
8501,82,Listings zum Abtippen|Tips & Tricks,Floppy,Hypra-Load mal vier
8501,87,Listings zum Abtippen|Tips & Tricks,Transfer,Der C64 als PET
8501,88,Listings zum Abtippen|Tips & Tricks,Parameter,Parameterübergabe an Programme in Maschinen-
8501,89,Listings zum Abtippen|Tips & Tricks,Buchstaben,Große Buchstaben
8501,90,Listings zum Abtippen|Tips & Tricks,Restore,Restore für Unterprogramme
8501,90,Listings zum Abtippen|Tips & Tricks,Tips & Tricks,Lösung von Dallas Quest
8501,90,Spiele-Test,Abenteuer,Lösung von Dallas Quest
8501,122,Kurse,Eff. Prog.,Müllabfuhr im Computer: Die Garbagge Collection (Teil 1)
8501,130,Kurse,VC 20,Der gläserne VC 20 (Teil 4)
8501,136,Kurse,Musik,Dem Klang auf der Spur (Teil 2)
8501,142,Kurse,Assembler,Assembler ist keine Alchimie (Teil 5)
8501,148,Kurse,Floppy,In die Geheimnisse der Floppy eingetaucht (Teil 4)
8501,156,Wettbewerbe,Unterprogramm,Formatierte Eingabe
8501,157,Wettbewerbe,Einzeiler,Einzeiler-Wettbewerb: Die nächsten 14
8501,127,Kurse,Speicher,Memory Map mit Wandervorschlägen (Teil 3)
8502,14,Hardware-Test,Computer,Plus und Minus beim Plus/4
8502,19,Hardware-Test,Sprachausgabe,Die Stimme des Meisters: Voice Master
8502,20,Hardware,Bauanleitung,16-KByte-Erweiterung umschaltbar (VC 20)
8502,22,Hardware,Bauanleitung,Richtig verbunden — Video/Audio-Kabel für den C 64
8502,22,Hardware,Monitor,Richtig verbunden — Video/Audio-Kabel für den C 64
8502,24,Software-Test,DFÜ,Terminal 64 — Schwer auf Draht
8502,26,Software-Test,Lernprogramme,Nachhilfe auf Knopfdruck (Mathematik)
8502,26,Software-Test,Mathematik,Nachhilfe auf Knopfdruck (Mathematik)
8502,30,Software-Test,Assembler,"Assembler im Test: Mastercode, Profimat, Profisoft, Maschine 64"
8502,34,Software-Test,Compiler,"Basic-Programme auf Trab gebracht: Austro-Speed, BASS, Exbasic, Petspeed"
8502,39,Kurse,Grundlagen,Geschwindigkeit durch Maschinencode — so arbeiten Computer
8502,39,Software,Compiler,Geschwindigkeit durch Maschinencode — so arbeiten Compiler
8502,46,Spiele-Test,Action,Impossible Mission
8502,48,Spiele-Test,Abenteuer,Gordon Saga
8502,49,Spiele-Test,Abenteuer,Die Lösung von Hobbit
8502,51,Listings zum Abtippen|Spiel,Abenteuer,Das Grab des Pharao (LdM)
8502,52,Listings zum Abtippen|Anwendung,Familie,Familienptenung mit dem VC 20 (AdM)
8502,66,Listings zum Abtippen|Anwendung,Abtippen,Checksummer (C 64 und VC 20)
8502,68,Listings zum Abtippen|Anwendung,Abtippen,MSE — Abtippen sicher und leicht gemacht
8502,70,Listings zum Abtippen|Anwendung,Super 8,VC 20 steuert Super 8-Kamera
8502,72,Listings zum Abtippen|Anwendung,Monitor,Ohne gutes Werkzeug geht es nicht: SMON (Teil 4)
8502,78,Listings zum Abtippen|Spiel,Action,Q+Bert (VC 20)
8502,81,Listings zum Abtippen|Spiel,Taktik,Gehirntraining mit Supermemory
8502,86,Listings zum Abtippen|Tips & Tricks,Joystick,Cursorsteuerung leicht gemacht (mit Joystick)
8502,87,Listings zum Abtippen|Tips & Tricks,Basic,Basic-Zeilen genau betrachtet
8502,88,Listings zum Abtippen|Tips & Tricks,Scrollen,Als die Bilder laufen lemten ... (Scrollen)
8502,90,Listings zum Abtippen|Tips & Tricks,Monitor,Besseres Monitorbild beim C 64
8502,91,Listings zum Abtippen|Tips & Tricks,Floppy,Maschinenprogramme auf Diskette speichern
8502,92,Listings zum Abtippen|Tips & Tricks,Speicher,RAM-Floppy
8502,123,Kurse,Grafik,Hires 3 (Teil 1)
8502,130,Kurse,Comal,Comal — Eine Einführung (Teil 3)
8502,134,Kurse,Assembler,Assembler ist keine Alchimie (Teil 6)
8502,141,Kurse,VC 20,Der gläserne VC 20 (Teil 5)
8502,147,Kurse,Eff. Prog.,Stringprogrammierung in Maschinensprache (Teil 2)
8502,150,Kurse,Speicher,Memory Map mit Wandervorschlägen (Teil 4)
8502,152,Kurse,Musik,Dem Klang auf der Spur (Teil 3)
8502,156,Listings zum Abtippen|Spiel,Wettbewerb,Notlandung
2/88,8,Aktuell,DFÜ,MCI Mail: die schnelle Post
8503,8,Aktuell,Computer,"Heiße Messe in der Wüste: CES (PC 128, PC 10, Commodore LCD)"
8503,14,Aktuell,Floppy,Neues 1451-Laufwerk
8503,15,Aktuell,DFÜ,Internationaler Chaos Communiction Congress
8503,18,Hardware-Test,Schnittstellen,Das Interface mit Weitblick (WW-92000/G: Centronics)
8503,20,Hardware-Test,Schnittstellen,Card/Print+G — Das AUround-Interface (Centronics)
8503,21,Hardware,Schnittstellen,"Gute Connections (RS232-, Centronics-Marktübersicht)"
8503,24,Hardware,Schnittstellen,Erst ein IEC-Bus öffnet Tür und Tor (Marktübersicht und Test)
8503,29,Hardware,Bauanleitung,Das 30-Mark-Interface (RS232)
8503,33,Hardware,Bauanleitung,Joystick im Selbstbau
8503,34,Software,Textverarbeitung,Von der Schreibmaschine zum Textsystem (Auswahlhilfe)
8503,36,Software-Test,Textverarbeitung,Homeword — Textverarbeitung zu Hause
8503,38,Software-Test,Textverarbeitung,Totl-Text — Hexibüität ist Trumpf
8503,39,Software-Test,Lernprogramme,Vokabeltraining mit dem Computer
8503,39,Software-Test,Vokabeln,Vokabeltraining mit dem Computer
8503,41,Listings zum Abtippen|Tips & Tricks,Floppy,22 Read Error — Theorie und Praxis
8503,41,Software,Floppy,22 Read Error — Theorie und Praxis
8503,44,Spiele-Test,Abenteuer,Lösung von Enchanter
8503,46,Spiele-Test,Taktik,Taktik- und Strategiespiele
8503,50,Listings zum Abtippen|Anwendung,Sport,Ohne Organistaion kein Tor: Ligatab (LdM)
8503,52,Listings zum Abtippen|Anwendung,Sport,Gut Ziel mit dem C 64 (AdM)
8503,68,Listings zum Abtippen|Anwendung,Abtippen,Neuer Checksummer 64 — blitzschnell und kürzer
8503,71,Listings zum Abtippen|Grafik,Elektrotechnik,Elektrotechnisches Zeichnen mit dem VC 20
8503,78,Listings zum Abtippen|Anwendung,Abtippen,MSE — Abtippen sicher und leicht gemacht
8503,82,Listings zum Abtippen|Tips & Tricks,Floppy,Floppy-Lister
8503,83,Listings zum Abtippen|Tips & Tricks,POKEs,Durch POKEs zum Erfolg — Die Spiele-Trickkiste
8503,84,Listings zum Abtippen|Tips & Tricks,Opcodes,Hex-ereien: undefinierte Opcodes beim 6502
8503,86,Listings zum Abtippen|Tips & Tricks,Autoboot,Autoboot beim C 64
8503,88,Listings zum Abtippen|Tips & Tricks,Grafik,Tips und Erweiterungen zu Hi-Eddi und Simons Basic
8503,91,Listings zum Abtippen|Tips & Tricks,Schnittstellen,Verbindungsfreundlich (VC 20)
8503,124,Kurse,Assembler,Assembler ist keine Alchimie (Teil 7)
8503,130,Kurse,Floppy,In die Geheimnisse der Floppy eingetaucht (Teil 5)
8503,136,Kurse,Grafik,Hires 3 (Teil 2)
8503,144,Kurse,Speicher,Memory Map mit Wandervorschlägen (Teil 5)
8503,148,Kurse,Eff. Prog.,Finden mit System — Eine neuartige Suchmethode (Teil 3)
8503,155,Kurse,VC 20,Der gläseme VC 20 (Teil 6)